{
  "protcal": "https",
  "domain": "m.happyeasygo.com",
  "port": "443",
  "searchFlightPath": "/heg_api/flight/SearchFlightsNew.do",
  "loadMoreInfoPath": "/heg_api/flight/SearchTGQAndBaggageNew.do",
  "checkPricePath": "/heg_api/order/checkCountAndPrice.do",
  "getPriceDetail": "/heg_api/order/getBaggageInfoAndAllPriceNew.do",
  "getBaggageInfo": "/heg_api/order/getBaggageInfoAndAllPriceNew.do",
  "loginPath": "/heg_api/user/login.do",
  "getPaymentInfo": "/heg_api/paymentNew.do",
  "getCoupon": "/heg_api/flight/SearchCoupon.do",
  "registerPath": "/heg_api/user/registerByPhone.do",
  "searchOrder": "/heg_api/order/queryOrderDetail.do",
  "saveOrderPath": "/heg_api/order/saveOrder.do",
  "searchUserInfo": "/heg_api/user/userInfo.do",
  "changeSignPath": "/heg_api/rebook/applyForRebook.do",
  "refunds": "/heg_api/refund/applyForRefund.do",
  "getUserOders": "/heg_api/usearOrder/queryUserOrder.do",
  "ifOrderPaied": "/heg_api/ResultOfPayment.do",
  "getFareRulesPath": "/heg_api/flight/SearchTGQAndBaggageNew.do",
  "getCheckPassengerPath": "/heg_api/order/checkPassenger.do",
  "happySilver": "/heg_api/wallet/searchHcCurrency.do",
  "happyGold": "/heg_api/wallet/searchEcCurrency.do",
  "balanceOfSilver": "/heg_api/wallet/searchHappySilver.do",
  "balanceOfGold": "/heg_api/wallet/searchHappyGold.do",
  "loginxPath": "/heg_api/login/doLoginx.do",
  "getFlights": "/heg_api/order/getFlights.do",
  "changeUserInfo": "/heg_api/user/changeUserInfo.do",
  "changeUserPassword": "/heg_api/user/changePass.do",
  "feedback": "/heg_api/about/feedBack.do",
  "getPassword": "/heg_api/user/applyResetPass.do",
  "resetPayPassword": "/heg_api/wallet/resetPayPassword.do",
  "setPayPassword": "/heg_api/user/changePaymentPass.do",
  "settoPayPassword": "/heg_api/wallet/setPayPassword.do",
  "rechargeWallet": "/heg_api/wallet/rechargeWallet.do",
  "searchCashBack": "/heg_api/wallet/searchCashBackRecord.do",
  "getCheckResult": "/heg_api/order/getCheckResult.do",
  "check": "/heg_api/order/check.do",
  "paymentMakeUp": "/heg_api/paymentForD.do",
  "getSignValidateCode": "/heg_api/user/validateCode.do",
  "sendRegisterOTP": "/heg_api/user/sendRegisterOTP.do",
  "applyResetPass": "/heg_api/user/applyResetPass.do",
  "resetPayPasswordNew": "/heg_api/wallet/resetPayPasswordNew.do",
  "getCheckWay": "/heg_api/user/getCheckWay.do",
  "resetPassNew": "/heg_api/user/resetPassNew.do",
  "setPayPasswordNew": "/heg_api/wallet/setPayPasswordNew.do",
  "getRefundAmount": "/heg_api/refund/getRefundAmount.do",
  "getRefundOTP": "/heg_api/refund/getRefundOTP.do",
  "getBanks": "/heg_api/getBanks.do",
  "applyWalletCash": "/heg_api/wallet/applyWalletCash.do",
  "getCashConfig": "/heg_api/wallet/getCashConfig.do",
  "getRechargeConfig": "/heg_api/wallet/getRechargeConfig.do",
  "checkAuthen": "/heg_api/user/checkAuthen.do",
  "sendAuthenOTP": "/heg_api/user/sendAuthenOTP.do",
  "idcardUpload": "/heg_api/user/idcardUpload.do",
  "shareRegister": "/heg_api/shareRegister.do",
  "shareByEmail": "/heg_api/shareByEmail.do",
  "shareBySMS": "/heg_api/shareBySMS.do",
  "advList": "/heg_api/advertising/advList.do",
  "getGSOtp": "/heg_api/order/sendOtp.do",
  "getWebsiteInfo": "/heg_api/getWebsiteInfo.do",
  "shareUrl": "/heg_api/shareUrl.do"
}
